sub_num,sub_id,subgroup,session,run,time,rand_rois_act,run_serial
sub-1123,1,4,1,1,ses-1_run-1,0.3343,1
sub-1126,2,6,1,1,ses-1_run-1,0.4550666666666667,1
sub-1130,3,3,1,1,ses-1_run-1,0.097566667,1
sub-1131,4,6,1,1,ses-1_run-1,-0.049486667,1
sub-1132,5,4,1,1,ses-1_run-1,0.8215666666666667,1
sub-1140,6,4,1,1,ses-1_run-1,0.4084,1
sub-1141,7,5,1,1,ses-1_run-1,-0.190416667,1
sub-1144,8,4,1,1,ses-1_run-1,0.5196666666666667,1
sub-1145,9,6,1,1,ses-1_run-1,-0.0269,1
sub-1149,10,5,1,1,ses-1_run-1,0.074483333,1
sub-1154,11,6,1,1,ses-1_run-1,,1
sub-1155,12,5,1,1,ses-1_run-1,-0.017733333,1
sub-1158,13,5,1,1,ses-1_run-1,0.000886667,1
sub-1167,14,6,1,1,ses-1_run-1,-0.043386667,1
sub-1169,15,6,1,1,ses-1_run-1,-0.068693333,1
sub-1174,16,3,1,1,ses-1_run-1,-0.180033333,1
sub-1176,17,3,1,1,ses-1_run-1,-0.3087,1
sub-1178,18,6,1,1,ses-1_run-1,,1
sub-1179,19,4,1,1,ses-1_run-1,,1
sub-1181,20,4,1,1,ses-1_run-1,0.6339333333333333,1
sub-1182,21,6,1,1,ses-1_run-1,0.516,1
sub-1183,22,5,1,1,ses-1_run-1,0.1146466666666666,1
sub-1185,23,6,1,1,ses-1_run-1,,1
sub-1189,24,3,1,1,ses-1_run-1,,1
sub-1190,25,5,1,1,ses-1_run-1,,1
sub-1191,26,3,1,1,ses-1_run-1,0.3789933333333333,1
sub-1193,27,5,1,1,ses-1_run-1,0.034,1
sub-1197,28,4,1,1,ses-1_run-1,0.2195833333333333,1
sub-1198,29,4,1,1,ses-1_run-1,,1
sub-1200,30,3,1,1,ses-1_run-1,,1
sub-1202,31,3,1,1,ses-1_run-1,0.4121333333333333,1
sub-1204,32,3,1,1,ses-1_run-1,0.2488,1
sub-1205,33,5,1,1,ses-1_run-1,,1
sub-1211,34,5,1,1,ses-1_run-1,,1
sub-1123,1,4,1,2,ses-1_run-2,,2
sub-1126,2,6,1,2,ses-1_run-2,0.2704633333333333,2
sub-1130,3,3,1,2,ses-1_run-2,-0.316433333,2
sub-1131,4,6,1,2,ses-1_run-2,-0.081694,2
sub-1132,5,4,1,2,ses-1_run-2,0.8639866666666668,2
sub-1140,6,4,1,2,ses-1_run-2,0.4258333333333333,2
sub-1141,7,5,1,2,ses-1_run-2,0.0411566666666666,2
sub-1144,8,4,1,2,ses-1_run-2,0.6658,2
sub-1145,9,6,1,2,ses-1_run-2,,2
sub-1149,10,5,1,2,ses-1_run-2,,2
sub-1154,11,6,1,2,ses-1_run-2,,2
sub-1155,12,5,1,2,ses-1_run-2,,2
sub-1158,13,5,1,2,ses-1_run-2,,2
sub-1167,14,6,1,2,ses-1_run-2,,2
sub-1169,15,6,1,2,ses-1_run-2,,2
sub-1174,16,3,1,2,ses-1_run-2,0.2942,2
sub-1176,17,3,1,2,ses-1_run-2,,2
sub-1178,18,6,1,2,ses-1_run-2,,2
sub-1179,19,4,1,2,ses-1_run-2,,2
sub-1181,20,4,1,2,ses-1_run-2,0.4876,2
sub-1182,21,6,1,2,ses-1_run-2,,2
sub-1183,22,5,1,2,ses-1_run-2,0.2839026666666667,2
sub-1185,23,6,1,2,ses-1_run-2,,2
sub-1189,24,3,1,2,ses-1_run-2,,2
sub-1190,25,5,1,2,ses-1_run-2,,2
sub-1191,26,3,1,2,ses-1_run-2,-0.013463333,2
sub-1193,27,5,1,2,ses-1_run-2,0.5534666666666667,2
sub-1197,28,4,1,2,ses-1_run-2,,2
sub-1198,29,4,1,2,ses-1_run-2,,2
sub-1200,30,3,1,2,ses-1_run-2,,2
sub-1202,31,3,1,2,ses-1_run-2,,2
sub-1204,32,3,1,2,ses-1_run-2,,2
sub-1205,33,5,1,2,ses-1_run-2,,2
sub-1211,34,5,1,2,ses-1_run-2,,2
sub-1123,1,4,2,1,ses-2_run-1,0.7279,3
sub-1126,2,6,2,1,ses-2_run-1,-0.033678667,3
sub-1130,3,3,2,1,ses-2_run-1,0.059393333,3
sub-1131,4,6,2,1,ses-2_run-1,0.3813333333333333,3
sub-1132,5,4,2,1,ses-2_run-1,0.7824433333333333,3
sub-1140,6,4,2,1,ses-2_run-1,0.6657666666666667,3
sub-1141,7,5,2,1,ses-2_run-1,0.9653,3
sub-1144,8,4,2,1,ses-2_run-1,0.5437333333333333,3
sub-1145,9,6,2,1,ses-2_run-1,0.2555,3
sub-1149,10,5,2,1,ses-2_run-1,0.1096466666666666,3
sub-1154,11,6,2,1,ses-2_run-1,0.2493533333333333,3
sub-1155,12,5,2,1,ses-2_run-1,0.5020866666666667,3
sub-1158,13,5,2,1,ses-2_run-1,-0.599333333,3
sub-1167,14,6,2,1,ses-2_run-1,0.6898333333333334,3
sub-1169,15,6,2,1,ses-2_run-1,0.22412,3
sub-1174,16,3,2,1,ses-2_run-1,0.2599366666666666,3
sub-1176,17,3,2,1,ses-2_run-1,-0.204176667,3
sub-1178,18,6,2,1,ses-2_run-1,-0.2682,3
sub-1179,19,4,2,1,ses-2_run-1,0.3703666666666667,3
sub-1181,20,4,2,1,ses-2_run-1,0.1929666666666666,3
sub-1182,21,6,2,1,ses-2_run-1,0.7518333333333334,3
sub-1183,22,5,2,1,ses-2_run-1,-0.016576667,3
sub-1185,23,6,2,1,ses-2_run-1,0.2107733333333333,3
sub-1189,24,3,2,1,ses-2_run-1,-0.305633333,3
sub-1190,25,5,2,1,ses-2_run-1,0.3759833333333333,3
sub-1191,26,3,2,1,ses-2_run-1,0.4652333333333334,3
sub-1193,27,5,2,1,ses-2_run-1,0.4616666666666666,3
sub-1197,28,4,2,1,ses-2_run-1,0.5472,3
sub-1198,29,4,2,1,ses-2_run-1,0.4154266666666666,3
sub-1200,30,3,2,1,ses-2_run-1,-0.166693333,3
sub-1202,31,3,2,1,ses-2_run-1,-0.166543333,3
sub-1204,32,3,2,1,ses-2_run-1,0.3631066666666666,3
sub-1205,33,5,2,1,ses-2_run-1,0.2260799999999999,3
sub-1211,34,5,2,1,ses-2_run-1,0.7645666666666667,3
sub-1123,1,4,2,2,ses-2_run-2,0.2789,4
sub-1126,2,6,2,2,ses-2_run-2,0.3907333333333334,4
sub-1130,3,3,2,2,ses-2_run-2,-0.189243333,4
sub-1131,4,6,2,2,ses-2_run-2,0.2080533333333333,4
sub-1132,5,4,2,2,ses-2_run-2,0.9743,4
sub-1140,6,4,2,2,ses-2_run-2,0.2124666666666667,4
sub-1141,7,5,2,2,ses-2_run-2,0.2412313333333333,4
sub-1144,8,4,2,2,ses-2_run-2,0.5437666666666666,4
sub-1145,9,6,2,2,ses-2_run-2,0.096131667,4
sub-1149,10,5,2,2,ses-2_run-2,0.1559666666666666,4
sub-1154,11,6,2,2,ses-2_run-2,0.2084,4
sub-1155,12,5,2,2,ses-2_run-2,0.6384000000000001,4
sub-1158,13,5,2,2,ses-2_run-2,0.3565666666666666,4
sub-1167,14,6,2,2,ses-2_run-2,0.19016,4
sub-1169,15,6,2,2,ses-2_run-2,0.8781333333333334,4
sub-1174,16,3,2,2,ses-2_run-2,0.5334333333333333,4
sub-1176,17,3,2,2,ses-2_run-2,-0.42543,4
sub-1178,18,6,2,2,ses-2_run-2,-0.11384,4
sub-1179,19,4,2,2,ses-2_run-2,0.2035333333333333,4
sub-1181,20,4,2,2,ses-2_run-2,0.6368999999999999,4
sub-1182,21,6,2,2,ses-2_run-2,0.09364,4
sub-1183,22,5,2,2,ses-2_run-2,0.073866667,4
sub-1185,23,6,2,2,ses-2_run-2,0.3034333333333333,4
sub-1189,24,3,2,2,ses-2_run-2,0.7273,4
sub-1190,25,5,2,2,ses-2_run-2,0.3246,4
sub-1191,26,3,2,2,ses-2_run-2,-0.052466667,4
sub-1193,27,5,2,2,ses-2_run-2,0.2673333333333333,4
sub-1197,28,4,2,2,ses-2_run-2,-0.034056667,4
sub-1198,29,4,2,2,ses-2_run-2,0.7312333333333333,4
sub-1200,30,3,2,2,ses-2_run-2,0.061266667,4
sub-1202,31,3,2,2,ses-2_run-2,-0.3625,4
sub-1204,32,3,2,2,ses-2_run-2,0.3461,4
sub-1205,33,5,2,2,ses-2_run-2,0.5238,4
sub-1211,34,5,2,2,ses-2_run-2,0.7097333333333333,4
sub-1123,1,4,2,3,ses-2_run-3,0.09631,5
sub-1126,2,6,2,3,ses-2_run-3,0.1153466666666666,5
sub-1130,3,3,2,3,ses-2_run-3,0.058543,5
sub-1131,4,6,2,3,ses-2_run-3,0.1880666666666667,5
sub-1132,5,4,2,3,ses-2_run-3,0.2574,5
sub-1140,6,4,2,3,ses-2_run-3,0.4135,5
sub-1141,7,5,2,3,ses-2_run-3,0.1389633333333333,5
sub-1144,8,4,2,3,ses-2_run-3,0.2599666666666667,5
sub-1145,9,6,2,3,ses-2_run-3,0.1916,5
sub-1149,10,5,2,3,ses-2_run-3,0.5573,5
sub-1154,11,6,2,3,ses-2_run-3,0.4930666666666667,5
sub-1155,12,5,2,3,ses-2_run-3,0.9376333333333332,5
sub-1158,13,5,2,3,ses-2_run-3,-0.067763333,5
sub-1167,14,6,2,3,ses-2_run-3,,5
sub-1169,15,6,2,3,ses-2_run-3,0.6115666666666667,5
sub-1174,16,3,2,3,ses-2_run-3,0.2944666666666666,5
sub-1176,17,3,2,3,ses-2_run-3,-0.50776,5
sub-1178,18,6,2,3,ses-2_run-3,-0.273746667,5
sub-1179,19,4,2,3,ses-2_run-3,0.4225666666666667,5
sub-1181,20,4,2,3,ses-2_run-3,0.4665666666666666,5
sub-1182,21,6,2,3,ses-2_run-3,-0.0573,5
sub-1183,22,5,2,3,ses-2_run-3,0.31312,5
sub-1185,23,6,2,3,ses-2_run-3,0.5970666666666666,5
sub-1189,24,3,2,3,ses-2_run-3,0.5759,5
sub-1190,25,5,2,3,ses-2_run-3,0.2503933333333333,5
sub-1191,26,3,2,3,ses-2_run-3,0.4674666666666667,5
sub-1193,27,5,2,3,ses-2_run-3,,5
sub-1197,28,4,2,3,ses-2_run-3,0.6402666666666667,5
sub-1198,29,4,2,3,ses-2_run-3,1.0578333333333332,5
sub-1200,30,3,2,3,ses-2_run-3,-0.242433333,5
sub-1202,31,3,2,3,ses-2_run-3,-0.176446667,5
sub-1204,32,3,2,3,ses-2_run-3,0.1903,5
sub-1205,33,5,2,3,ses-2_run-3,0.8642333333333333,5
sub-1211,34,5,2,3,ses-2_run-3,0.4227,5
sub-1123,1,4,2,4,ses-2_run-4,,6
sub-1126,2,6,2,4,ses-2_run-4,,6
sub-1130,3,3,2,4,ses-2_run-4,,6
sub-1131,4,6,2,4,ses-2_run-4,,6
sub-1132,5,4,2,4,ses-2_run-4,,6
sub-1140,6,4,2,4,ses-2_run-4,,6
sub-1141,7,5,2,4,ses-2_run-4,,6
sub-1144,8,4,2,4,ses-2_run-4,,6
sub-1145,9,6,2,4,ses-2_run-4,,6
sub-1149,10,5,2,4,ses-2_run-4,,6
sub-1154,11,6,2,4,ses-2_run-4,,6
sub-1155,12,5,2,4,ses-2_run-4,,6
sub-1158,13,5,2,4,ses-2_run-4,,6
sub-1167,14,6,2,4,ses-2_run-4,,6
sub-1169,15,6,2,4,ses-2_run-4,,6
sub-1174,16,3,2,4,ses-2_run-4,,6
sub-1176,17,3,2,4,ses-2_run-4,,6
sub-1178,18,6,2,4,ses-2_run-4,-0.4698,6
sub-1179,19,4,2,4,ses-2_run-4,,6
sub-1181,20,4,2,4,ses-2_run-4,,6
sub-1182,21,6,2,4,ses-2_run-4,,6
sub-1183,22,5,2,4,ses-2_run-4,,6
sub-1185,23,6,2,4,ses-2_run-4,,6
sub-1189,24,3,2,4,ses-2_run-4,,6
sub-1190,25,5,2,4,ses-2_run-4,0.3736,6
sub-1191,26,3,2,4,ses-2_run-4,,6
sub-1193,27,5,2,4,ses-2_run-4,,6
sub-1197,28,4,2,4,ses-2_run-4,,6
sub-1198,29,4,2,4,ses-2_run-4,0.8117666666666666,6
sub-1200,30,3,2,4,ses-2_run-4,-0.100916667,6
sub-1202,31,3,2,4,ses-2_run-4,,6
sub-1204,32,3,2,4,ses-2_run-4,,6
sub-1205,33,5,2,4,ses-2_run-4,0.6532,6
sub-1211,34,5,2,4,ses-2_run-4,,6
sub-1123,1,4,3,1,ses-3_run-1,0.6894666666666667,7
sub-1126,2,6,3,1,ses-3_run-1,0.1221373333333333,7
sub-1130,3,3,3,1,ses-3_run-1,-0.091373333,7
sub-1131,4,6,3,1,ses-3_run-1,0.3637026666666667,7
sub-1132,5,4,3,1,ses-3_run-1,1.2844,7
sub-1140,6,4,3,1,ses-3_run-1,0.1355333333333333,7
sub-1141,7,5,3,1,ses-3_run-1,0.11083,7
sub-1144,8,4,3,1,ses-3_run-1,0.5912333333333334,7
sub-1145,9,6,3,1,ses-3_run-1,0.2981333333333333,7
sub-1149,10,5,3,1,ses-3_run-1,0.50114,7
sub-1154,11,6,3,1,ses-3_run-1,0.4946333333333333,7
sub-1155,12,5,3,1,ses-3_run-1,0.5515,7
sub-1158,13,5,3,1,ses-3_run-1,0.0024,7
sub-1167,14,6,3,1,ses-3_run-1,0.6481666666666667,7
sub-1169,15,6,3,1,ses-3_run-1,1.0256666666666667,7
sub-1174,16,3,3,1,ses-3_run-1,0.4183066666666666,7
sub-1176,17,3,3,1,ses-3_run-1,-0.03157,7
sub-1178,18,6,3,1,ses-3_run-1,-0.060116667,7
sub-1179,19,4,3,1,ses-3_run-1,0.1508,7
sub-1181,20,4,3,1,ses-3_run-1,0.8767,7
sub-1182,21,6,3,1,ses-3_run-1,0.9910666666666668,7
sub-1183,22,5,3,1,ses-3_run-1,0.06402,7
sub-1185,23,6,3,1,ses-3_run-1,0.033733333,7
sub-1189,24,3,3,1,ses-3_run-1,0.4944,7
sub-1190,25,5,3,1,ses-3_run-1,-0.101716667,7
sub-1191,26,3,3,1,ses-3_run-1,0.0722,7
sub-1193,27,5,3,1,ses-3_run-1,0.213,7
sub-1197,28,4,3,1,ses-3_run-1,0.6396000000000001,7
sub-1198,29,4,3,1,ses-3_run-1,0.8577666666666666,7
sub-1200,30,3,3,1,ses-3_run-1,0.4362,7
sub-1202,31,3,3,1,ses-3_run-1,-0.2264,7
sub-1204,32,3,3,1,ses-3_run-1,0.5537333333333333,7
sub-1205,33,5,3,1,ses-3_run-1,0.5446566666666667,7
sub-1211,34,5,3,1,ses-3_run-1,0.3033766666666667,7
sub-1123,1,4,3,2,ses-3_run-2,0.4776999999999999,8
sub-1126,2,6,3,2,ses-3_run-2,0.050169,8
sub-1130,3,3,3,2,ses-3_run-2,0.0190009999999999,8
sub-1131,4,6,3,2,ses-3_run-2,0.04188,8
sub-1132,5,4,3,2,ses-3_run-2,-0.097376667,8
sub-1140,6,4,3,2,ses-3_run-2,0.3284999999999999,8
sub-1141,7,5,3,2,ses-3_run-2,0.9081333333333332,8
sub-1144,8,4,3,2,ses-3_run-2,0.2516333333333333,8
sub-1145,9,6,3,2,ses-3_run-2,0.5344333333333333,8
sub-1149,10,5,3,2,ses-3_run-2,0.1345766666666666,8
sub-1154,11,6,3,2,ses-3_run-2,0.3534533333333333,8
sub-1155,12,5,3,2,ses-3_run-2,1.2305666666666666,8
sub-1158,13,5,3,2,ses-3_run-2,-0.0793,8
sub-1167,14,6,3,2,ses-3_run-2,0.6241666666666666,8
sub-1169,15,6,3,2,ses-3_run-2,1.0922666666666665,8
sub-1174,16,3,3,2,ses-3_run-2,0.7806333333333333,8
sub-1176,17,3,3,2,ses-3_run-2,0.1002333333333333,8
sub-1178,18,6,3,2,ses-3_run-2,0.2499333333333333,8
sub-1179,19,4,3,2,ses-3_run-2,0.41873,8
sub-1181,20,4,3,2,ses-3_run-2,1.2449333333333332,8
sub-1182,21,6,3,2,ses-3_run-2,0.8760666666666665,8
sub-1183,22,5,3,2,ses-3_run-2,0.2257333333333333,8
sub-1185,23,6,3,2,ses-3_run-2,0.2375366666666666,8
sub-1189,24,3,3,2,ses-3_run-2,0.9463666666666668,8
sub-1190,25,5,3,2,ses-3_run-2,0.21281,8
sub-1191,26,3,3,2,ses-3_run-2,0.0115833333333333,8
sub-1193,27,5,3,2,ses-3_run-2,0.5978333333333333,8
sub-1197,28,4,3,2,ses-3_run-2,-0.006033333,8
sub-1198,29,4,3,2,ses-3_run-2,1.4775333333333334,8
sub-1200,30,3,3,2,ses-3_run-2,0.2015333333333333,8
sub-1202,31,3,3,2,ses-3_run-2,-0.26234,8
sub-1204,32,3,3,2,ses-3_run-2,0.4214333333333333,8
sub-1205,33,5,3,2,ses-3_run-2,0.3745666666666666,8
sub-1211,34,5,3,2,ses-3_run-2,0.5531,8
sub-1123,1,4,3,3,ses-3_run-3,0.39243,9
sub-1126,2,6,3,3,ses-3_run-3,0.4121666666666666,9
sub-1130,3,3,3,3,ses-3_run-3,0.4635666666666666,9
sub-1131,4,6,3,3,ses-3_run-3,0.0210066666666666,9
sub-1132,5,4,3,3,ses-3_run-3,0.5371633333333333,9
sub-1140,6,4,3,3,ses-3_run-3,0.3009333333333333,9
sub-1141,7,5,3,3,ses-3_run-3,0.1226633333333333,9
sub-1144,8,4,3,3,ses-3_run-3,0.4821,9
sub-1145,9,6,3,3,ses-3_run-3,0.30139,9
sub-1149,10,5,3,3,ses-3_run-3,0.8587333333333333,9
sub-1154,11,6,3,3,ses-3_run-3,0.3076,9
sub-1155,12,5,3,3,ses-3_run-3,0.8264,9
sub-1158,13,5,3,3,ses-3_run-3,-0.619013333,9
sub-1167,14,6,3,3,ses-3_run-3,0.6494333333333334,9
sub-1169,15,6,3,3,ses-3_run-3,1.0939,9
sub-1174,16,3,3,3,ses-3_run-3,0.2401333333333333,9
sub-1176,17,3,3,3,ses-3_run-3,0.050196667,9
sub-1178,18,6,3,3,ses-3_run-3,0.1933633333333333,9
sub-1179,19,4,3,3,ses-3_run-3,0.5138166666666666,9
sub-1181,20,4,3,3,ses-3_run-3,0.9390666666666668,9
sub-1182,21,6,3,3,ses-3_run-3,,9
sub-1183,22,5,3,3,ses-3_run-3,0.4333333333333333,9
sub-1185,23,6,3,3,ses-3_run-3,-0.1353,9
sub-1189,24,3,3,3,ses-3_run-3,0.1745666666666666,9
sub-1190,25,5,3,3,ses-3_run-3,0.3441,9
sub-1191,26,3,3,3,ses-3_run-3,-0.0974,9
sub-1193,27,5,3,3,ses-3_run-3,0.2691666666666666,9
sub-1197,28,4,3,3,ses-3_run-3,0.3938666666666666,9
sub-1198,29,4,3,3,ses-3_run-3,0.6913,9
sub-1200,30,3,3,3,ses-3_run-3,0.1883766666666666,9
sub-1202,31,3,3,3,ses-3_run-3,0.1591,9
sub-1204,32,3,3,3,ses-3_run-3,0.8076,9
sub-1205,33,5,3,3,ses-3_run-3,0.2828,9
sub-1211,34,5,3,3,ses-3_run-3,0.4530566666666666,9
sub-1123,1,4,3,4,ses-3_run-4,,10
sub-1126,2,6,3,4,ses-3_run-4,,10
sub-1130,3,3,3,4,ses-3_run-4,,10
sub-1131,4,6,3,4,ses-3_run-4,,10
sub-1132,5,4,3,4,ses-3_run-4,,10
sub-1140,6,4,3,4,ses-3_run-4,,10
sub-1141,7,5,3,4,ses-3_run-4,,10
sub-1144,8,4,3,4,ses-3_run-4,,10
sub-1145,9,6,3,4,ses-3_run-4,,10
sub-1149,10,5,3,4,ses-3_run-4,,10
sub-1154,11,6,3,4,ses-3_run-4,,10
sub-1155,12,5,3,4,ses-3_run-4,,10
sub-1158,13,5,3,4,ses-3_run-4,,10
sub-1167,14,6,3,4,ses-3_run-4,,10
sub-1169,15,6,3,4,ses-3_run-4,,10
sub-1174,16,3,3,4,ses-3_run-4,,10
sub-1176,17,3,3,4,ses-3_run-4,,10
sub-1178,18,6,3,4,ses-3_run-4,0.15855,10
sub-1179,19,4,3,4,ses-3_run-4,,10
sub-1181,20,4,3,4,ses-3_run-4,,10
sub-1182,21,6,3,4,ses-3_run-4,,10
sub-1183,22,5,3,4,ses-3_run-4,,10
sub-1185,23,6,3,4,ses-3_run-4,,10
sub-1189,24,3,3,4,ses-3_run-4,,10
sub-1190,25,5,3,4,ses-3_run-4,,10
sub-1191,26,3,3,4,ses-3_run-4,,10
sub-1193,27,5,3,4,ses-3_run-4,,10
sub-1197,28,4,3,4,ses-3_run-4,,10
sub-1198,29,4,3,4,ses-3_run-4,0.8921666666666667,10
sub-1200,30,3,3,4,ses-3_run-4,0.2070666666666666,10
sub-1202,31,3,3,4,ses-3_run-4,0.2362666666666666,10
sub-1204,32,3,3,4,ses-3_run-4,0.2919933333333333,10
sub-1205,33,5,3,4,ses-3_run-4,,10
sub-1211,34,5,3,4,ses-3_run-4,,10
sub-1123,1,4,4,1,ses-4_run-1,0.6539,11
sub-1126,2,6,4,1,ses-4_run-1,0.1308399999999999,11
sub-1130,3,3,4,1,ses-4_run-1,0.080783333,11
sub-1131,4,6,4,1,ses-4_run-1,0.2814166666666666,11
sub-1132,5,4,4,1,ses-4_run-1,0.76479,11
sub-1140,6,4,4,1,ses-4_run-1,0.8334,11
sub-1141,7,5,4,1,ses-4_run-1,0.118688,11
sub-1144,8,4,4,1,ses-4_run-1,0.4790666666666667,11
sub-1145,9,6,4,1,ses-4_run-1,0.4229,11
sub-1149,10,5,4,1,ses-4_run-1,0.3172533333333333,11
sub-1154,11,6,4,1,ses-4_run-1,0.6715666666666666,11
sub-1155,12,5,4,1,ses-4_run-1,0.9228666666666668,11
sub-1158,13,5,4,1,ses-4_run-1,0.3063233333333333,11
sub-1167,14,6,4,1,ses-4_run-1,0.2620933333333333,11
sub-1169,15,6,4,1,ses-4_run-1,1.4023,11
sub-1174,16,3,4,1,ses-4_run-1,0.4898333333333333,11
sub-1176,17,3,4,1,ses-4_run-1,-0.21236,11
sub-1178,18,6,4,1,ses-4_run-1,,11
sub-1179,19,4,4,1,ses-4_run-1,0.2322333333333333,11
sub-1181,20,4,4,1,ses-4_run-1,0.6672666666666666,11
sub-1182,21,6,4,1,ses-4_run-1,0.9835666666666666,11
sub-1183,22,5,4,1,ses-4_run-1,0.2175733333333333,11
sub-1185,23,6,4,1,ses-4_run-1,-0.03142,11
sub-1189,24,3,4,1,ses-4_run-1,1.2373333333333332,11
sub-1190,25,5,4,1,ses-4_run-1,0.531,11
sub-1191,26,3,4,1,ses-4_run-1,0.1709666666666666,11
sub-1193,27,5,4,1,ses-4_run-1,0.6622,11
sub-1197,28,4,4,1,ses-4_run-1,0.1946366666666666,11
sub-1198,29,4,4,1,ses-4_run-1,1.215733333333333,11
sub-1200,30,3,4,1,ses-4_run-1,0.2384933333333333,11
sub-1202,31,3,4,1,ses-4_run-1,0.3656,11
sub-1204,32,3,4,1,ses-4_run-1,0.4737333333333333,11
sub-1205,33,5,4,1,ses-4_run-1,0.9363666666666668,11
sub-1211,34,5,4,1,ses-4_run-1,0.2935,11
sub-1123,1,4,4,2,ses-4_run-2,0.4412999999999999,12
sub-1126,2,6,4,2,ses-4_run-2,-0.003166667,12
sub-1130,3,3,4,2,ses-4_run-2,-0.29553,12
sub-1131,4,6,4,2,ses-4_run-2,0.1614433333333333,12
sub-1132,5,4,4,2,ses-4_run-2,0.4163699999999999,12
sub-1140,6,4,4,2,ses-4_run-2,0.4202833333333333,12
sub-1141,7,5,4,2,ses-4_run-2,0.6304333333333333,12
sub-1144,8,4,4,2,ses-4_run-2,0.5884066666666666,12
sub-1145,9,6,4,2,ses-4_run-2,0.6911999999999999,12
sub-1149,10,5,4,2,ses-4_run-2,0.8740533333333333,12
sub-1154,11,6,4,2,ses-4_run-2,0.9089666666666668,12
sub-1155,12,5,4,2,ses-4_run-2,0.9199333333333334,12
sub-1158,13,5,4,2,ses-4_run-2,0.6511,12
sub-1167,14,6,4,2,ses-4_run-2,0.3744773333333333,12
sub-1169,15,6,4,2,ses-4_run-2,0.8555999999999999,12
sub-1174,16,3,4,2,ses-4_run-2,0.3629333333333333,12
sub-1176,17,3,4,2,ses-4_run-2,-0.130696667,12
sub-1178,18,6,4,2,ses-4_run-2,,12
sub-1179,19,4,4,2,ses-4_run-2,0.1194333333333333,12
sub-1181,20,4,4,2,ses-4_run-2,0.8166666666666668,12
sub-1182,21,6,4,2,ses-4_run-2,0.2134836666666666,12
sub-1183,22,5,4,2,ses-4_run-2,0.2237466666666666,12
sub-1185,23,6,4,2,ses-4_run-2,0.4481666666666666,12
sub-1189,24,3,4,2,ses-4_run-2,1.0124333333333333,12
sub-1190,25,5,4,2,ses-4_run-2,0.1784466666666666,12
sub-1191,26,3,4,2,ses-4_run-2,0.2461866666666667,12
sub-1193,27,5,4,2,ses-4_run-2,0.5585,12
sub-1197,28,4,4,2,ses-4_run-2,0.6375000000000001,12
sub-1198,29,4,4,2,ses-4_run-2,0.5629666666666666,12
sub-1200,30,3,4,2,ses-4_run-2,0.2849333333333333,12
sub-1202,31,3,4,2,ses-4_run-2,0.2758333333333333,12
sub-1204,32,3,4,2,ses-4_run-2,0.5232,12
sub-1205,33,5,4,2,ses-4_run-2,0.9936333333333334,12
sub-1211,34,5,4,2,ses-4_run-2,0.6306333333333334,12
sub-1123,1,4,4,3,ses-4_run-3,0.21797,13
sub-1126,2,6,4,3,ses-4_run-3,0.2349099999999999,13
sub-1130,3,3,4,3,ses-4_run-3,-0.285766667,13
sub-1131,4,6,4,3,ses-4_run-3,0.1734666666666666,13
sub-1132,5,4,4,3,ses-4_run-3,0.9100333333333332,13
sub-1140,6,4,4,3,ses-4_run-3,0.4814,13
sub-1141,7,5,4,3,ses-4_run-3,,13
sub-1144,8,4,4,3,ses-4_run-3,0.001826667,13
sub-1145,9,6,4,3,ses-4_run-3,0.06475,13
sub-1149,10,5,4,3,ses-4_run-3,,13
sub-1154,11,6,4,3,ses-4_run-3,0.5509333333333334,13
sub-1155,12,5,4,3,ses-4_run-3,1.1590333333333334,13
sub-1158,13,5,4,3,ses-4_run-3,0.3212,13
sub-1167,14,6,4,3,ses-4_run-3,0.3555,13
sub-1169,15,6,4,3,ses-4_run-3,0.9524,13
sub-1174,16,3,4,3,ses-4_run-3,0.25625,13
sub-1176,17,3,4,3,ses-4_run-3,-0.194799667,13
sub-1178,18,6,4,3,ses-4_run-3,,13
sub-1179,19,4,4,3,ses-4_run-3,0.4616666666666666,13
sub-1181,20,4,4,3,ses-4_run-3,1.4197666666666666,13
sub-1182,21,6,4,3,ses-4_run-3,0.4573333333333333,13
sub-1183,22,5,4,3,ses-4_run-3,0.2045966666666666,13
sub-1185,23,6,4,3,ses-4_run-3,0.034553333,13
sub-1189,24,3,4,3,ses-4_run-3,1.1330666666666664,13
sub-1190,25,5,4,3,ses-4_run-3,0.2288366666666666,13
sub-1191,26,3,4,3,ses-4_run-3,0.2239199999999999,13
sub-1193,27,5,4,3,ses-4_run-3,0.4192,13
sub-1197,28,4,4,3,ses-4_run-3,0.4387233333333333,13
sub-1198,29,4,4,3,ses-4_run-3,0.755,13
sub-1200,30,3,4,3,ses-4_run-3,-0.051326667,13
sub-1202,31,3,4,3,ses-4_run-3,-0.101766667,13
sub-1204,32,3,4,3,ses-4_run-3,0.1428666666666666,13
sub-1205,33,5,4,3,ses-4_run-3,0.6384666666666666,13
sub-1211,34,5,4,3,ses-4_run-3,0.3148766666666667,13
sub-1123,1,4,4,4,ses-4_run-4,,14
sub-1126,2,6,4,4,ses-4_run-4,,14
sub-1130,3,3,4,4,ses-4_run-4,,14
sub-1131,4,6,4,4,ses-4_run-4,,14
sub-1132,5,4,4,4,ses-4_run-4,,14
sub-1140,6,4,4,4,ses-4_run-4,,14
sub-1141,7,5,4,4,ses-4_run-4,,14
sub-1144,8,4,4,4,ses-4_run-4,,14
sub-1145,9,6,4,4,ses-4_run-4,,14
sub-1149,10,5,4,4,ses-4_run-4,,14
sub-1154,11,6,4,4,ses-4_run-4,,14
sub-1155,12,5,4,4,ses-4_run-4,,14
sub-1158,13,5,4,4,ses-4_run-4,,14
sub-1167,14,6,4,4,ses-4_run-4,,14
sub-1169,15,6,4,4,ses-4_run-4,,14
sub-1174,16,3,4,4,ses-4_run-4,,14
sub-1176,17,3,4,4,ses-4_run-4,,14
sub-1178,18,6,4,4,ses-4_run-4,,14
sub-1179,19,4,4,4,ses-4_run-4,,14
sub-1181,20,4,4,4,ses-4_run-4,,14
sub-1182,21,6,4,4,ses-4_run-4,,14
sub-1183,22,5,4,4,ses-4_run-4,,14
sub-1185,23,6,4,4,ses-4_run-4,,14
sub-1189,24,3,4,4,ses-4_run-4,,14
sub-1190,25,5,4,4,ses-4_run-4,,14
sub-1191,26,3,4,4,ses-4_run-4,,14
sub-1193,27,5,4,4,ses-4_run-4,,14
sub-1197,28,4,4,4,ses-4_run-4,,14
sub-1198,29,4,4,4,ses-4_run-4,,14
sub-1200,30,3,4,4,ses-4_run-4,,14
sub-1202,31,3,4,4,ses-4_run-4,,14
sub-1204,32,3,4,4,ses-4_run-4,,14
sub-1205,33,5,4,4,ses-4_run-4,,14
sub-1211,34,5,4,4,ses-4_run-4,,14
